Model,Colour,Memory,RAM,Battery_Hz,Rear Camera,Front Camera,AI Lens,Mobile Height,Processor_,Price
Infinix SMART 7,Night Black,64,4,6000,13MP,5MP,1,16.76,Unisoc Spreadtrum SC9863A1,7299
Infinix SMART 7,Azure Blue,64,4,6000,13MP,5MP,1,16.76,Unisoc Spreadtrum SC9863A1,7299
MOTOROLA G32,Mineral Gray,128,8,5000,50MP,16MP,0,16.64,Qualcomm Snapdragon 680,11999
POCO C50,Royal Blue,32,2,5000,8MP,5MP,0,16.56,Mediatek Helio A22,5649
Infinix HOT 30i,Marigold,128,8,5000,50MP,5MP,1,16.76,G37,8999
Infinix HOT 30i,Glacier Blue,128,8,5000,50MP,5MP,1,16.76,G37,8999
Infinix HOT 30i,Mirror Black,128,8,5000,50MP,5MP,1,16.76,G37,8999
Infinix HOT 30i,Diamond White,128,8,5000,50MP,5MP,1,16.76,G37,8999
Infinix HOT 30i,Diamond White,64,4,5000,50MP,5MP,1,16.76,G37,7999
Infinix HOT 30i,Mirror Black,64,4,5000,50MP,5MP,1,16.76,G37,7999
REDMI 10,Shadow Black,64,4,6000,50MP,5MP,0,17.02,Qualcomm Snapdragon 680,9499
Infinix HOT 30i,Glacier Blue,64,4,5000,50MP,5MP,1,16.76,G37,7999
Infinix SMART 7,Emerald Green,64,4,6000,13MP,5MP,1,16.76,Unisoc Spreadtrum SC9863A1,7299
SAMSUNG Galaxy F13,Waterfall Blue,128,4,6000,50MP,8MP,0,16.76,Exynos 850,10699
SAMSUNG Galaxy F04,Opal Green,64,4,5000,13MP,5MP,0,16.51,Mediatek Helio P35,7299
POCO C51,Royal Blue,64,4,5000,8MP,5MP,0,16.56,Helio G36,6999
Infinix HOT 30i,Marigold,64,4,5000,50MP,5MP,1,16.76,G37,7999
POCO C51,Power Black,64,4,5000,8MP,5MP,0,16.56,Helio G36,6999
POCO C50,Country Green,32,2,5000,8MP,5MP,0,16.56,Mediatek Helio A22,5649
MOTOROLA e13,Cosmic Black,64,4,5000,13MP,5MP,0,16.51,Unisoc T606,7299
vivo T2x 5G,Aurora Gold,128,8,5000,50MP,8MP,0,16.71,Dimensity 6020,15999
vivo T2x 5G,Marine Blue,128,8,5000,50MP,8MP,0,16.71,Dimensity 6020,15999
vivo T2x 5G,Glimmer Black,128,8,5000,50MP,8MP,0,16.71,Dimensity 6020,15999
vivo T2x 5G,Marine Blue,128,6,5000,50MP,8MP,0,16.71,Dimensity 6020,13999
vivo T2x 5G,Glimmer Black,128,4,5000,50MP,8MP,0,16.71,Dimensity 6020,12999
vivo T2x 5G,Glimmer Black,128,6,5000,50MP,8MP,0,16.71,Dimensity 6020,13999
vivo T2x 5G,Marine Blue,128,4,5000,50MP,8MP,0,16.71,Dimensity 6020,12999
vivo T2x 5G,Marine Blue,128,6,5000,50MP,8MP,0,16.71,Dimensity 6020,13999
Infinix Smart 7 HD,Green Apple,64,2,5000,8MP,5MP,1,16.76,Spreadtrum SC9863A1,6199
REDMI A1+,Black,32,3,5000,8MP,5MP,0,16.56,Mediatek Helio A22,6599
REDMI A1+,Light Blue,32,3,5000,8MP,5MP,0,16.56,Mediatek Helio A22,6599
POCO C55,Power Black,64,4,5000,50MP,5MP,0,17.04,Mediatek Helio G85,7749
REDMI A1+,Light Green,32,3,5000,8MP,5MP,0,16.56,Mediatek Helio A22,6599
POCO C55,Cool Blue,64,4,5000,50MP,5MP,0,17.04,Mediatek Helio G85,7749
POCO C55,Forest Green,64,4,5000,50MP,5MP,0,17.04,Mediatek Helio G85,7749
POCO C55,Cool Blue,128,6,5000,50MP,5MP,0,17.04,Mediatek Helio G85,8999
SAMSUNG Galaxy F13,Nightsky Green,64,4,6000,50MP,8MP,0,16.76,Exynos 850,9699
SAMSUNG Galaxy F13,Nightsky Green,128,4,6000,50MP,8MP,0,16.76,Exynos 850,10699
MOTOROLA g13,Matte Charcoal,128,4,5000,50MP,8MP,0,16.51,Helio G85,9999
POCO M4 5G,Cool Blue,64,4,5000,50MP,8MP,0,16.71,Mediatek Dimensity 700,11999
MOTOROLA e32,Eco Black,64,4,5000,50MP,8MP,0,16.51,Mediatek Helio G37,7999
REDMI 10,Caribbean Green,128,6,6000,50MP,5MP,0,17.02,Qualcomm Snapdragon 680,10999
SAMSUNG Galaxy F04,Jade Purple,64,4,5000,13MP,5MP,0,16.51,Mediatek Helio P35,7299
MOTOROLA G32,Satin Silver,128,8,5000,50MP,16MP,0,16.64,Qualcomm Snapdragon 680,11999
REDMI 10,Sunrise Orange,64,4,6000,50MP,5MP,0,17.02,Qualcomm Snapdragon 680,9499
SAMSUNG Galaxy F13,Sunrise Copper,128,4,6000,50MP,8MP,0,16.76,Exynos 850,10699
MOTOROLA e32,Arctic Blue,64,4,5000,50MP,8MP,0,16.51,Mediatek Helio G37,7999
MOTOROLA g13,Lavender Blue,128,4,5000,50MP,8MP,0,16.51,Helio G85,9999
MOTOROLA e32,Arctic Blue,64,4,5000,50MP,8MP,0,16.51,Mediatek Helio G37,7999
POCO C55,Power Black,128,6,5000,50MP,5MP,0,17.04,Mediatek Helio G85,8999
vivo T2 5G,Velocity Wave,128,8,4500,40MP,16MP,0,16.21,Snapdragon 695,20999
vivo T2 5G,Nitro Blaze,128,8,4500,40MP,16MP,0,16.21,Snapdragon 695,20999
MOTOROLA G62 5G,Frosted Blue,128,6,5000,50MP,16MP,0,16.64,Qualcomm Snapdragon 695 5G,15499
POCO C50,Royal Blue,32,2,5000,8MP,5MP,0,16.56,Mediatek Helio A22,6999
vivo T2 5G,Nitro Blaze,128,6,4500,32MP,16MP,0,16.21,Snapdragon 695,18999
vivo T2 5G,Velocity Wave,128,6,4500,32MP,16MP,0,16.21,Snapdragon 695,18999
POCO M5,Yellow,64,4,5000,50MP,8MP,0,16.71,Mediatek Helio G99,12499
MOTOROLA G62 5G,Midnight Gray,128,6,5000,50MP,16MP,0,16.64,Qualcomm Snapdragon 695 5G,15499
POCO M4 5G,Power Black,64,4,5000,50MP,8MP,0,16.71,Mediatek Dimensity 700,11999
SAMSUNG Galaxy F13,Waterfall Blue,64,4,6000,50MP,8MP,0,16.76,Exynos 850,9699
SAMSUNG Galaxy F13,Sunrise Copper,64,4,6000,50MP,8MP,0,16.76,Exynos 850,9699
POCO M5,Power Black,64,4,5000,50MP,8MP,0,16.71,Mediatek Helio G99,12499
MOTOROLA e13,Creamy White,64,4,5000,13MP,5MP,0,16.51,Unisoc T606,7299
realme C33 2023,Sandy Gold,128,4,5000,50MP,5MP,0,16.51,Unisoc T612,10499
realme C33 2023,Aqua Blue,128,4,5000,50MP,5MP,0,16.51,Unisoc T612,10499
SAMSUNG Galaxy F14 5G,GOAT Green,128,6,6000,50MP,13MP,0,16.76,"Exynos 1330, Octa Core ",14490
MOTOROLA g73 5G,Midnight Blue,128,8,5000,50MP,16MP,0,16.51,Mediatek Dimensity 930,16999
realme C33 2023,Night Sea,128,4,5000,50MP,5MP,0,16.51,Unisoc T612,10499
realme C30,Bamboo Green,32,3,5000,8MP,5MP,0,16.51,Unisoc T612,6499
realme C30,Lake Blue,32,3,5000,8MP,5MP,0,16.51,Unisoc T612,6499
realme C30,Denim Black,32,2,5000,8MP,5MP,0,16.51,Unisoc T612,5999
realme C30,Denim Black,32,3,5000,8MP,5MP,0,16.51,Unisoc T612,6499
POCO X5 5G,Wildcat Blue,128,6,5000,48MP,13MP,0,16.94,Qualcomm Snapdragon 695,15999
REDMI A1+,Light Blue,32,2,5000,8MP,5MP,0,16.56,Mediatek Helio A22,6299
POCO M4 Pro,Yellow,128,8,5000,64MP,16MP,0,16.33,Mediatek Helio G96,13999
MOTOROLA G62 5G,Midnight Gray,128,8,5000,50MP,16MP,0,41.94,Qualcomm Snapdragon 695 5G,16499
POCO C50,Royal Blue,32,3,5000,8MP,5MP,0,16.56,Mediatek Helio A22,6299
POCO M5,Icy Blue,128,6,5000,50MP,8MP,0,16.71,Mediatek Helio G99,14499
REDMI 11 Prime,Flashy Black,64,4,5000,50MP,8MP,0,16.71,Helio G99,9999
realme C55,Sunshower,128,8,5000,64MP,8MP,0,17.07,Helio G88,13999
realme C55,Rainy Night,128,8,5000,64MP,8MP,0,17.07,Helio G88,13999
realme C55,Sunshower,64,6,5000,64MP,8MP,0,17.07,Helio G88,11999
realme C55,Rainforest,128,8,5000,64MP,8MP,0,17.07,Helio G88,13999
realme C55,Rainy Night,64,6,5000,64MP,8MP,0,17.07,Helio G88,11999
realme C55,Rainforest,64,6,5000,64MP,8MP,0,17.07,Helio G88,11999
realme C55,Sunshower,64,4,5000,64MP,8MP,0,17.07,Helio G88,10999
realme C55,Rainforest,64,4,5000,64MP,8MP,0,17.07,Helio G88,10999
realme C55,Rainy Night,64,4,5000,64MP,8MP,0,17.07,Helio G88,10999
MOTOROLA G62 5G,Frosted Blue,128,8,5000,50MP,16MP,0,41.94,Qualcomm Snapdragon 695 5G,16499
SAMSUNG Galaxy F14 5G,B.A.E. Purple,128,6,6000,50MP,13MP,0,16.76,"Exynos 1330, Octa Core ",14490
SAMSUNG Galaxy F14 5G,B.A.E. Purple,128,4,6000,50MP,13MP,0,16.76,"Exynos 1330, Octa Core ",13490
SAMSUNG Galaxy F14 5G,B.A.E. Purple,128,4,6000,50MP,13MP,0,16.76,"Exynos 1330, Octa Core ",13490
REDMI 10,Caribbean Green,64,4,6000,50MP,5MP,0,17.02,Qualcomm Snapdragon 680,9499
REDMI 11 Prime,Peppy Purple,64,4,5000,50MP,8MP,0,16.71,Helio G99,9999
MOTOROLA g73 5G,Lucent White,128,8,5000,50MP,16MP,0,16.51,Mediatek Dimensity 930,16999
POCO M5,Icy Blue,64,4,5000,50MP,8MP,0,16.71,Mediatek Helio G99,12499
realme 10 Pro 5G,Dark Matter,128,8,5000,108MP,16MP,0,17.07,Qualcomm Snapdragon 695 5G,19999
realme 10 Pro 5G,Nebula Blue,128,6,5000,108MP,16MP,0,17.07,Qualcomm Snapdragon 695 5G,18999
Micromax IN 2C,Nebula Blue,128,6,800,0MP,0MP,0,4.5,SC6531E,1449
POCO M5,Power Black,128,6,5000,50MP,8MP,0,16.71,Mediatek Helio G99,14499
POCO M5,Yellow,128,6,5000,50MP,8MP,0,16.71,Mediatek Helio G99,14499
POCO M4 Pro 5G,Yellow,128,8,5000,50MP,16MP,0,16.76,Mediatek Dimensity 810,15999
realme 10 Pro 5G,Hyperspace,128,8,5000,108MP,16MP,0,17.07,Qualcomm Snapdragon 695 5G,19999
realme 10 Pro 5G,Dark Matter,128,6,5000,108MP,16MP,0,17.07,Qualcomm Snapdragon 695 5G,18999
realme 10 Pro 5G,Nebula Blue,128,8,5000,108MP,16MP,0,17.07,Qualcomm Snapdragon 695 5G,19999
realme 10 Pro 5G,Hyperspace,128,6,5000,108MP,16MP,0,17.07,Qualcomm Snapdragon 695 5G,18999
POCO C50,Country Green,32,3,5000,8MP,5MP,0,16.56,Mediatek Helio A22,6299
realme Narzo 30 Pro 5G,Blade Silver,128,8,5000,48MP,16MP,0,16.51,MediaTek Dimensity 800U,15999
micromax 2,Blade Silver,128,8,1900,2MP,0MP,0,7.11,SC6531E,1849
Infinix Note 12 Pro 5G,Force Black,128,8,5000,108MP,16MP,0,17.02,Mediatek Dimensity 810 5G,15999
Infinix Note 12 Pro 5G,Snowfall,128,8,5000,108MP,16MP,0,17.02,Mediatek Dimensity 810 5G,15999
POCO X5 5G,Supernova Green,128,6,5000,48MP,13MP,0,16.94,Qualcomm Snapdragon 695,15999
SAMSUNG Galaxy F14 5G,GOAT Green,128,4,6000,50MP,13MP,0,16.76,"Exynos 1330, Octa Core ",13490
SAMSUNG Galaxy F23 5G,Aqua Blue,128,6,5000,50MP,8MP,0,16.76,Qualcomm Snapdragon 750G,16999
REDMI 10,Pacific Blue,128,6,6000,50MP,5MP,0,17.02,Qualcomm Snapdragon 680,10999
SAMSUNG Galaxy F14 5G,OMG Black,128,4,6000,50MP,13MP,0,16.76,"Exynos 1330, Octa Core ",13490
micromax,OMG Black,128,4,1000,0MP,0MP,0,4.5,SC6531E,1422
MOTOROLA Edge 40,Eclipse Black,256,8,4400,50MP,32MP,0,16.64,Dimensity 8020,29999
micromax 1,Eclipse Black,256,8,800,0MP,0MP,0,4.5,SC6531E,1299
POCO M4 5G,Yellow,64,4,5000,50MP,8MP,0,16.71,Mediatek Dimensity 700,11999
POCO M4 5G,Yellow,128,6,5000,50MP,8MP,0,16.71,Mediatek Dimensity 700,13999
REDMI 10,Midnight Black,64,4,6000,50MP,5MP,0,17.02,Qualcomm Snapdragon 680,9499
Infinix Smart 7 HD,Ink Black,64,2,5000,8MP,5MP,1,16.76,Spreadtrum SC9863A1,6199
Infinix Smart 7 HD,Silk Blue,64,2,5000,8MP,5MP,1,16.76,Spreadtrum SC9863A1,6199
Infinix Smart 7 HD,Jade White,64,2,5000,8MP,5MP,1,16.76,Spreadtrum SC9863A1,6199
realme Narzo 30,Racing Silver,128,6,5000,48MP,16MP,0,16.51,MediaTek Helio G95,12499
Infinix NOTE 12i,Alpine White,64,4,5000,50MP,8MP,0,17.02,Mediatek Helio G85,9999
POCO X5 5G,Jaguar Black,256,8,5000,48MP,13MP,0,16.94,Qualcomm Snapdragon 695,17999
realme 10,Rush Black,64,4,5000,50MP,16MP,0,16.26,Mediatek Helio G99 Octa Core,12499
realme 8i,Space Black,64,4,5000,50MP,16MP,0,16.76,MediaTek Helio G96,11499
SAMSUNG Galaxy F14 5G,OMG Black,128,6,6000,50MP,13MP,0,16.76,"Exynos 1330, Octa Core ",14490
REDMI A1+,Light Green,32,2,5000,8MP,5MP,0,16.56,Mediatek Helio A22,6299
SAMSUNG Galaxy F14 5G,OMG Black,128,6,6000,50MP,13MP,0,16.76,"Exynos 1330, Octa Core ",14490
Micromax 3,OMG Black,128,4,1020,2MP,0MP,0,6.1,MediaTek,2615
realme Narzo 30,Racing Blue,128,6,5000,48MP,16MP,0,16.51,MediaTek Helio G95,12499
Google Pixel 6a,Chalk,128,6,4410,12MP,8MP,0,15.6,Google Tensor,28999
Google Pixel 6a,Charcoal,128,6,4410,12MP,8MP,0,15.6,Google Tensor,28999
REDMI A1+,Black,32,2,5000,8MP,5MP,0,16.56,Mediatek Helio A22,6299
Infinix HOT 20 5G,Blaster Green,64,4,5000,50MP,8MP,1,16.76,Dimensity 810,11499
Infinix NOTE 12i,Metaverse Blue,64,4,5000,50MP,8MP,0,17.02,Mediatek Helio G85,9999
realme GT 2,Steel Black,128,8,5000,50MP,16MP,0,16.81,Qualcomm Snapdragon 888,23999
realme GT 2,Paper White,128,8,5000,50MP,16MP,0,16.81,Qualcomm Snapdragon 888,23999
realme 10,Clash White,64,4,5000,50MP,16MP,0,16.26,Mediatek Helio G99 Octa Core,12499
REDMI Note 12,Sunrise Gold,64,6,5000,50MP,13MP,0,16.94,Snapdragon 685,14999
Infinix HOT 20 5G,Space Blue,64,4,5000,50MP,8MP,1,16.76,Dimensity 810,11499
REDMI Note 12 5G,Frosted Green,128,6,5000,48MP,13MP,0,16.94,Qualcomm Snapdragon 4 Gen 1,18999
REDMI Note 12 5G,Matte Black,128,6,5000,48MP,13MP,0,16.94,Qualcomm Snapdragon 4 Gen 1,18999
REDMI Note 12 5G,Mystique Blue,128,6,5000,48MP,13MP,0,16.94,Qualcomm Snapdragon 4 Gen 1,18999
Infinix NOTE 12i,Force Black,64,4,5000,50MP,8MP,0,17.02,Mediatek Helio G85,9999
REDMI Note 12 5G,Matte Black,128,4,5000,48MP,13MP,0,16.94,Qualcomm Snapdragon 4 Gen 1,16999
REDMI Note 12 5G,Mystique Blue,128,4,5000,48MP,13MP,0,16.94,Qualcomm Snapdragon 4 Gen 1,16999
Infinix HOT 20 5G,Racing Black,64,4,5000,50MP,8MP,1,16.76,Dimensity 810,11499
micromax 3,Racing Black,64,4,800,2MP,0MP,0,5.08,0 0 0 208MHz,2490
SAMSUNG Galaxy M04,Dark Blue,64,4,5000,13MP,5MP,0,16.51,MediaTek Helio P35,7961
MOTOROLA Edge 40,Nebula Green,256,8,4400,50MP,32MP,0,16.64,Dimensity 8020,29999
micromax 2,Nebula Green,256,8,800,0MP,0MP,0,4.5,SC6531E,1299
micromax 3,Nebula Green,256,4,1020,2MP,0MP,0,6.1,MediaTek,2499
REDMI 11 Prime,Flashy Black,128,6,5000,50MP,8MP,0,16.71,Helio G99,11999
REDMI 11 Prime,Peppy Purple,128,6,5000,50MP,8MP,0,16.71,Helio G99,11999
REDMI K50i 5G,Stealth Black,256,8,5080,64MP,16MP,0,16.76,Dimensity 8100,23999
MOTOROLA e40,Carbon Gray,64,4,5000,48MP,8MP,0,16.51,UNISOC T700,8999
REDMI 9 Activ,Coral Green,128,6,5000,13MP,5MP,0,16.59,Mediatek Helio G35,9499
REDMI Note 12,Ice Blue,64,6,5000,50MP,13MP,0,16.94,Snapdragon 685,14999
SAMSUNG Galaxy F23 5G,Copper Blush,128,6,5000,50MP,8MP,0,16.76,Qualcomm Snapdragon 750G,16999
MOTOROLA g42,Atlantic Green,64,4,5000,50MP,16MP,0,16.43,Qualcomm Snapdragon 680,11248
realme C25s,Watery Grey,128,4,6000,13MP,8MP,0,16.51,MediaTek Helio G85,9999
POCO X5 Pro 5G,Horizon Blue,256,8,5000,108MP,16MP,0,16.94,Qualcomm Snapdragon 778G,23999
realme 8i,Space Purple,128,6,5000,50MP,16MP,0,16.76,MediaTek Helio G96,17999
realme 10,Clash White,128,8,5000,50MP,16MP,0,16.26,Mediatek Helio G99 Octa Core,15499
MOTOROLA e13,Cosmic Black,64,2,5000,13MP,5MP,0,16.51,Unisoc T606,6799
SAMSUNG Galaxy F23 5G,Forest Green,128,6,5000,50MP,8MP,0,16.76,Qualcomm Snapdragon 750G,16999
POCO M3 Pro 5G,Yellow,128,6,5000,48MP,8MP,0,16.51,MediaTek Dimensity 700,14499
Infinix Smart 6 HD,Force Black,32,2,5000,8MP,5MP,0,16.76,Mediatek Helio A22,5999
Infinix Smart 6 HD,Aqua Sky,32,2,5000,8MP,5MP,0,16.76,Mediatek Helio A22,5999
Infinix Smart 6 HD,Origin Blue,32,2,5000,8MP,5MP,0,16.76,Mediatek Helio A22,5999
POCO X5 Pro 5G,Astral Black,256,8,5000,108MP,16MP,0,16.94,Qualcomm Snapdragon 778G,23999
REDMI Note 12 5G,Frosted Green,128,4,5000,48MP,13MP,0,16.94,Qualcomm Snapdragon 4 Gen 1,16999
REDMI Note 12,Lunar Black,64,6,5000,50MP,13MP,0,16.94,Snapdragon 685,14999
Infinix Hot 20 5G,Blaster Green,128,6,5000,50MP,8MP,1,16.76,Dimensity 810,13499
realme C31,Dark Green,64,4,5000,13MP,5MP,0,16.56,Unisoc T612,8749
realme C31,Light Silver,32,3,5000,13MP,5MP,0,16.56,Unisoc T612,8049
micromax,Light Silver,32,3,2550,0MP,0MP,0,4.5,SC6531E,1375
micromax1,Light Silver,32,3,800,0MP,0MP,0,4.5,SC6531E,1599
OPPO A17,Lake Blue,64,4,5000,50MP,5MP,0,16.66,Mediatek Helio G35,12499
realme 9 5G SE,Azure Glow,128,8,5000,48MP,16MP,0,16.76,Qualcomm Snapdragon 778G,17999
realme 9 5G SE,Starry Glow,128,8,5000,48MP,16MP,0,16.76,Qualcomm Snapdragon 778G,17999
realme 9i 5G,Soulful Blue,128,6,5000,50MP,8MP,0,16.76,Mediatek Dimensity 810 5G,16999
realme 9i 5G,Rocking Black,64,4,5000,50MP,8MP,0,16.76,Mediatek Dimensity 810 5G,14999
POCO M4 Pro,Cool Blue,128,8,5000,64MP,16MP,0,16.33,Mediatek Helio G96,13999
realme C33 2023,Sandy Gold,64,4,5000,50MP,5MP,0,16.51,Unisoc T612,9999
realme C33 2023,Aqua Blue,64,4,5000,50MP,5MP,0,16.51,Unisoc T612,9999
realme C33 2023,Night Sea,64,4,5000,50MP,5MP,0,16.51,Unisoc T612,9999
realme C31,Dark Green,32,3,5000,13MP,5MP,0,16.56,Unisoc T612,8049
micromax 2,Dark Green,32,4,1020,2MP,0MP,0,6.1,MediaTek,2499
Infinix Hot 20 5G,Space Blue,128,6,5000,50MP,8MP,1,16.76,Dimensity 810,13499
realme 9i 5G,Metallica Gold,128,6,5000,50MP,8MP,0,16.76,Mediatek Dimensity 810 5G,16999
realme 9i 5G,Rocking Black,128,6,5000,50MP,8MP,0,16.76,Mediatek Dimensity 810 5G,16999
realme 9i 5G,Soulful Blue,64,4,5000,50MP,8MP,0,16.76,Mediatek Dimensity 810 5G,14999
realme C21Y,Cross Black,32,3,5000,13MP,5MP,0,16.51,Unisoc T610,7499
realme Narzo 50i Prime,Dark Blue,32,3,5000,8MP,5MP,0,16.51,Unisoc T612 processor,7245
POCO X5 5G,Wildcat Blue,256,8,5000,48MP,13MP,0,16.94,Qualcomm Snapdragon 695,17999
REDMI Note 12 Pro 5G,Stardust Purple,256,8,5000,50MP,16MP,0,16.94,Mediatek Dimensity 1080,26999
REDMI Note 12 Pro 5G,Stardust Purple,128,6,5000,50MP,16MP,0,16.94,Mediatek Dimensity 1080,23999
realme C31,Light Silver,64,4,5000,13MP,5MP,0,16.56,Unisoc T612,8749
POCO X5 Pro 5G,Horizon Blue,128,6,5000,108MP,16MP,0,16.94,Qualcomm Snapdragon 778G,21999
Infinix Zero 5G 2023,Submariner Black,128,8,5000,50MP,16MP,0,17.22,Mediatek Dimensity 920,15999
POCO X4 Pro 5G,Yellow,128,6,5000,64MP,16MP,0,16.94,Qualcomm Snapdragon 695 5G,17499
MOTOROLA g82 5G,Meterorite Grey,128,8,5000,50MP,16MP,0,16.76,Qualcomm Snapdragon 695 5G,21499
realme 9i 5G,Metallica Gold,64,4,5000,50MP,8MP,0,16.76,Mediatek Dimensity 810 5G,14999
REDMI Note 12 Pro+ 5G,Iceberg Blue,256,8,4980,200MP,16MP,0,16.94,Mediatek Dimensity 1080,29999
vivo T1 44W,Midnight Galaxy,128,8,5000,50MP,16MP,0,16.36,Qualcomm Snapdragon 680,17999
vivo T1 44W,Ice Dawn,128,8,5000,50MP,16MP,0,16.36,Qualcomm Snapdragon 680,17999
vivo T1 44W,Starry Sky,128,6,5000,50MP,16MP,0,16.36,Qualcomm Snapdragon 680,15999
vivo T1 44W,Midnight Galaxy,128,4,5000,50MP,16MP,0,16.36,Qualcomm Snapdragon 680,14499
vivo T1 44W,Ice Dawn,128,6,5000,50MP,16MP,0,16.36,Qualcomm Snapdragon 680,15999
MOTOROLA g82 5G,White Lily,128,8,5000,50MP,16MP,0,16.76,Qualcomm Snapdragon 695 5G,21499
MOTOROLA g31,Baby Blue,128,6,5000,50MP,13MP,0,16.26,Mediatek Helio G85,12999
REDMI Note 12 Pro+ 5G,Obsidian Black,256,8,4980,200MP,16MP,0,16.94,Mediatek Dimensity 1080,29999
realme narzo 50i Prime,Mint Green,32,3,5000,8MP,5MP,0,16.51,Unisoc Tiger T612 (12 nm),7115
MOTOROLA e13,Aurora Green,64,2,5000,13MP,5MP,0,16.51,Unisoc T606,6799
REDMI Note 12 Pro 5G,Glacier Blue,128,6,5000,50MP,16MP,0,16.94,Mediatek Dimensity 1080,23999
vivo T1 44W,Starry Sky,128,4,5000,50MP,16MP,0,16.36,Qualcomm Snapdragon 680,14499
SAMSUNG Galaxy S22 Plus 5G,Phantom Black,128,8,4500,50MP,10MP,0,16.76,Qualcomm Snapdragon 8 Gen 1,49999
Infinix Zero 5G 2023,Pearly White,128,8,5000,50MP,16MP,0,17.22,Mediatek Dimensity 920,15999
POCO X5 Pro 5G,Yellow,256,8,5000,108MP,16MP,0,16.94,Qualcomm Snapdragon 778G,23999
vivo V27 5G,Noble Black,128,8,4600,50MP,50MP,0,17.22,Mediatek Dimensity 7200 5G,32999
realme Narzo 50,Speed Blue,64,4,5000,50MP,16MP,0,16.76,Mediatek Helio G96,12999
Infinix HOT 20 Play,Fantasy Purple,64,4,6000,13MP,8MP,1,17.32,MediaTek G37,8499
Infinix HOT 20 Play,Aurora Green,64,4,6000,13MP,8MP,1,17.32,MediaTek G37,8499
Infinix HOT 20 Play,Luna Blue,64,4,6000,13MP,8MP,1,17.32,MediaTek G37,8499
Infinix HOT 20 Play,Racing Black,64,4,6000,13MP,8MP,1,17.32,MediaTek G37,8499
realme Narzo 50,Speed Blue,128,6,5000,50MP,16MP,0,16.76,Mediatek Helio G96,12999
POCO X5 5G,Supernova Green,256,8,5000,48MP,13MP,0,16.94,Qualcomm Snapdragon 695,17999
MOTOROLA g52,Charcoal Grey,128,6,5000,50MP,16MP,0,16.76,Qualcomm Snapdragon 680,13999
vivo T1 44W,Starry Sky,128,8,5000,50MP,16MP,0,16.36,Qualcomm Snapdragon 680,17999
vivo T1 44W,Midnight Galaxy,128,6,5000,50MP,16MP,0,16.36,Qualcomm Snapdragon 680,15999
realme Narzo 50,Speed Black,128,6,5000,50MP,16MP,0,16.76,Mediatek Helio G96,12999
OPPO A17k,Blue,64,3,5000,8MP,5MP,0,16.66,Mediatek Helio P35,9499
REDMI Note 12 Pro 5G,Stardust Purple,128,8,5000,50MP,16MP,0,16.94,Mediatek Dimensity 1080,25999
vivo V27 5G,Magic Blue,128,8,4600,50MP,50MP,0,17.22,Mediatek Dimensity 7200 5G,32999
realme C25s,Watery Blue,128,4,6000,13MP,8MP,0,16.51,MediaTek Helio G85,10999
Infinix Zero 5G 2023,Coral Orange,128,8,5000,50MP,16MP,0,17.22,Mediatek Dimensity 920,15999
POCO F5 5G,Snowstorm White,256,8,5000,64MP,16MP,0,16.94,Qualcomm Snapdragon 7+ Gen 2 (4nm),29999
redmi max,M3),16,2,5000,13MP,5MP,0,15.46,Octa Core,4999
redmi max,M3),16,8,1200,2MP,0MP,0,6.1,MT6260A,3549
redmi mono,M3),16,4,1000,0MP,0MP,0,4.5,MTK6261D,1699
redmi min,M3),16,4,1000,0MP,0MP,0,4.57,Spreadtrum,920
redmi min,M3),16,4,1000,0MP,0MP,0,4.57,Spreadtrum,920
REDMI 10,Midnight Black,128,6,6000,50MP,5MP,0,17.02,Qualcomm Snapdragon 680,10999
OPPO A17,Lake Blue,64,4,5000,50MP,5MP,0,16.66,Mediatek Helio G35,11970
micromax,Lake Blue,64,4,1500,0MP,0MP,0,6.1,Mediatek MT6261D,1199
REDMI Note 12,Sunrise Gold,128,6,5000,50MP,13MP,0,16.94,Snapdragon 685,16999
REDMI 11 Prime,Playful Green,128,6,5000,50MP,8MP,0,16.71,Helio G99,11999
REDMI Note 12 Pro 5G,Onyx Black,128,8,5000,50MP,16MP,0,16.94,Mediatek Dimensity 1080,25999
Micromax IN 2C,Silver,32,3,5000,8MP,5MP,0,16.56,Unisoc T610,5999
REDMI Note 12 Pro+ 5G,Arctic White,256,8,4980,200MP,16MP,0,16.94,Mediatek Dimensity 1080,29999
REDMI Note 12,Lunar Black,128,6,5000,50MP,13MP,0,16.94,Snapdragon 685,16999
OPPO A17,Sunlight Orange,64,4,5000,50MP,5MP,0,16.66,Mediatek Helio G35,12499
OPPO A17,Midnight Black,64,4,5000,50MP,5MP,0,16.66,Mediatek Helio G35,12499
POCO X5 Pro 5G,Yellow,128,6,5000,108MP,16MP,0,16.94,Qualcomm Snapdragon 778G,21999
realme 9 Pro+ 5G,Aurora Green,256,8,4500,50MP,16MP,0,16.26,Mediatek Dimensity 920,21999
realme 9 Pro+ 5G,Midnight Black,256,8,4500,50MP,16MP,0,16.26,Mediatek Dimensity 920,21999
REDMI 11 Prime,Playful Green,64,4,5000,50MP,8MP,0,16.71,Helio G99,9999
REDMI Note 12 Pro 5G,Glacier Blue,256,8,5000,50MP,16MP,0,16.94,Mediatek Dimensity 1080,26999
REDMI Note 12 Pro 5G,Onyx Black,128,6,5000,50MP,16MP,0,16.94,Mediatek Dimensity 1080,23999
REDMI Note 12,Ice Blue,128,6,5000,50MP,13MP,0,16.94,Snapdragon 685,16999
realme Narzo 30,Racing Silver,64,4,5000,48MP,16MP,0,16.51,MediaTek Helio G95,13499
POCO X5 Pro 5G,Astral Black,128,6,5000,108MP,16MP,0,16.94,Qualcomm Snapdragon 778G,21999
Infinix Hot 12,Exploratory Blue,64,4,6000,50MP,8MP,1,17.32,Meditek Helio G37,8999
Infinix Hot 12,Polar Black,64,4,6000,50MP,8MP,1,17.32,Meditek Helio G37,8999
Infinix Hot 12,7Â° Purple,64,4,6000,50MP,8MP,1,17.32,Meditek Helio G37,8999
Infinix Hot 12,Turquoise Cyan,64,4,6000,50MP,8MP,1,17.32,Meditek Helio G37,8999
REDMI Note 12 Pro+ 5G,Iceberg Blue,256,4,4980,200MP,16MP,0,16.94,Mediatek Dimensity 1080,32999
MOTOROLA G32,Mineral Gray,64,4,5000,50MP,16MP,0,16.64,Qualcomm Snapdragon 680,10999
MOTOROLA g72,Meteorite Grey,128,6,5000,108MP,16MP,0,16.64,Mediatek Helio G99,16999
Micromax IN 2C,Brown,32,3,5000,8MP,5MP,0,16.56,Unisoc T610,5999
vivo Y16,Drizzling Gold,128,4,5000,13MP,5MP,0,16.54,Mediatek Helio P35,12990
MOTOROLA Edge 40,Lunar Blue,256,8,4400,50MP,32MP,0,16.64,Dimensity 8020,29999
POCO X4 Pro 5G,Yellow,64,6,5000,64MP,16MP,0,16.94,Qualcomm Snapdragon 695 5G,16499
POCO F5 5G,Carbon Black,256,8,5000,64MP,16MP,0,16.94,Qualcomm Snapdragon 7+ Gen 2 (4nm),29999
realme 9 Pro+ 5G,Sunrise Blue,256,8,4500,50MP,16MP,0,16.26,Mediatek Dimensity 920,21999
realme Narzo 50i,Carbon Black,32,2,5000,8MP,5MP,0,16.51,SC9863A,6978
realme Narzo 50i,Mint Green,32,2,5000,8MP,5MP,0,16.51,SC9863A,7370
REDMI Note 12 Pro+ 5G,Arctic White,256,2,4980,200MP,16MP,0,16.94,Mediatek Dimensity 1080,32999
MOTOROLA e13,Creamy White,64,2,5000,13MP,5MP,0,16.51,Unisoc T606,6799
SAMSUNG Galaxy F23 5G,Forest Green,128,4,5000,50MP,8MP,0,16.76,Qualcomm Snapdragon 750G,15999
SAMSUNG Galaxy Z Flip3 5G,Phantom Black,128,8,3300,12MP,10MP,0,17.02,Qualcomm Snapdragon 888 Octa-Core,44999
POCO M4 Pro 5G,Cool Blue,128,6,5000,50MP,16MP,0,16.76,Mediatek Dimensity 810,16999
MOTOROLA g42,Atlantic Green,64,4,5000,50MP,16MP,0,16.43,Qualcomm Snapdragon 680,13999
POCO M4 5G,Cool Blue,128,6,5000,50MP,8MP,0,16.71,Mediatek Dimensity 700,13999
realme C33,Night Sea,32,3,5000,50MP,5MP,0,16.51,Unisoc T612,8999
realme C33,Aqua Blue,32,3,5000,50MP,5MP,0,16.51,Unisoc T612,8999
realme Narzo 50i Prime,Dark Blue,64,4,5000,8MP,5MP,0,16.51,Unisoc T612 processor,8995
Infinix Zero 20,Green Fantasy,128,8,4500,108MP,60MP,0,17.02,Mediatek G99,15999
Infinix Zero 20,DEEP GRAY,128,8,4500,108MP,60MP,0,17.02,Mediatek G99,15999
realme 8,Punk Black,128,4,5000,64MP,16MP,0,16.26,MediaTek Helio G95,13499
realme C33,Night Sea,64,4,5000,50MP,5MP,0,16.51,Unisoc T612,9999
realme C33,Sandy Gold,64,4,5000,50MP,5MP,0,16.51,Unisoc T612,9999
realme C33,Aqua Blue,64,4,5000,50MP,5MP,0,16.51,Unisoc T612,9999
realme 8,Cyber Black,128,8,5000,64MP,16MP,0,16.26,MediaTek Helio G95,15499
vivo Y35,Dawn Gold,128,8,5000,50MP,16MP,0,16.71,Qualcomm Snapdragon 680,16999
vivo Y35,Agate Black,128,8,5000,50MP,16MP,0,16.71,Qualcomm Snapdragon 680,16999
MOTOROLA Edge 30,Aurora Green,128,8,4020,50MP,32MP,0,16.64,Qualcomm Snapdragon 778G Plus,24999
MOTOROLA g72,Polar Blue,128,6,5000,108MP,16MP,0,16.64,Mediatek Helio G99,16999
MOTOROLA g52,Charcoal Grey,64,4,5000,50MP,16MP,0,16.76,Qualcomm Snapdragon 680,11249
MOTOROLA Edge 30 Fusion,Cosmic grey,128,8,4400,50MP,32MP,0,16.64,Qualcomm Snapdragon 888 +,34999
REDMI K50i 5G,Quick Silver,128,6,5080,64MP,16MP,0,16.76,Dimensity 8100,21174
Infinix Note 12,Force Black,64,4,5000,50MP,16MP,1,17.02,MediaTek Helio G88,10999
Google Pixel 7a,Sea,128,8,4300,64MP,13MP,0,15.49,Tensor G2,43999
Google Pixel 7a,Charcoal,128,8,4300,64MP,13MP,0,15.49,Tensor G2,43999
Tecno Spark 9,Infinity Black,64,4,5000,13MP,8MP,0,16.76,MediaTek Helio G37,7993
Tecno Spark 9,Sky Mirror,64,4,5000,13MP,8MP,0,16.76,MediaTek Helio G37,8069
MOTOROLA Edge 30,Meteor Grey,128,8,4020,50MP,32MP,0,16.64,Qualcomm Snapdragon 778G Plus,24999
OPPO Reno8T 5G,Sunrise Gold,128,8,4800,108MP,32MP,0,17.02,Qualcomm Snapdragon 695,29999
SAMSUNG Galaxy A14 5G,Dark Red,64,4,5000,50MP,13MP,0,16.76,SEC S5E8535 (Exynos 1330),16499
MOTOROLA g13,Matte Charcoal,64,4,5000,50MP,8MP,0,16.51,Helio G85,9499
REDMI Note 12 Pro 5G,Glacier Blue,128,8,5000,50MP,16MP,0,16.94,Mediatek Dimensity 1080,25999
POCO F5 5G,Electric Blue,256,8,5000,64MP,16MP,0,16.94,Qualcomm Snapdragon 7+ Gen 2 (4nm),29999
SAMSUNG Galaxy A14 5G,Black,128,6,5000,50MP,13MP,0,16.76,SEC S5E8535 (Exynos 1330),18999
OPPO Reno8T 5G,Midnight Black,128,8,4800,108MP,32MP,0,17.02,Qualcomm Snapdragon 695,29999
SAMSUNG Galaxy A14 5G,Light Green,128,6,5000,50MP,13MP,0,16.76,SEC S5E8535 (Exynos 1330),18999
Infinix Note 12,Force Black,128,6,5000,50MP,16MP,1,17.02,MediaTek Helio G88,12999
SAMSUNG Galaxy F23 5G,Aqua Blue,128,4,5000,50MP,8MP,0,16.76,Qualcomm Snapdragon 750G,15999
POCO C31,Shadow Gray,64,4,5000,13MP,5MP,0,16.59,MediaTek Helio G35,8999
REDMI 10,Pacific Blue,64,4,6000,50MP,5MP,0,17.02,Qualcomm Snapdragon 680,9499
POCO X2,Atlantis Blue,64,6,4500,64MP,20MP,0,16.94,Qualcomm Snapdragon 730G,17999
POCO F5 5G,Snowstorm White,256,6,5000,64MP,16MP,0,16.94,Qualcomm Snapdragon 7+ Gen 2 (4nm),32999
Google Pixel 7a,Snow,128,8,4300,64MP,13MP,0,15.49,Tensor G2,43999
nothing phone 1,White,128,8,4500,50MP,16MP,0,16.64,Qualcomm Snapdragon 778G+,30499
Google Pixel 6a,chalk,128,8,4500,50MP,16MP,0,16.64,Qualcomm Snapdragon 778G+,30999
I Kall Z19Pro Flash blue,Flash Blue,64,4,5000,13MP,8MP,0,16.51,Octa Core,7999
MOTOROLA G32,Satin Silver,64,4,5000,50MP,16MP,0,16.64,Qualcomm Snapdragon 680,10999
Tecno Spark 9T,Turquoise Cyan,64,4,5000,50MP,8MP,0,16.76,MediaTek Helio G35,9290
POCO M4 Pro 5G,Yellow,64,4,5000,50MP,16MP,0,16.76,Mediatek Dimensity 810,14999
Tecno Spark 9T,Iris Purple,64,4,5000,50MP,8MP,0,16.76,MediaTek Helio G35,8449
Infinix Zero 5G 2023 TURBO,Pearly White,256,8,5000,50MP,16MP,0,17.22,Mediatek Dimensity 1080,17999
Tecno Spark 9T,Tahiti Gold,64,4,5000,50MP,8MP,0,16.76,MediaTek Helio G35,8495
Infinix Zero 5G 2023 TURBO,Submariner Black,256,8,5000,50MP,16MP,0,17.22,Mediatek Dimensity 1080,17999
I Kall Z19Pro,Blue,64,4,5000,13MP,8MP,0,16.51,Octa Core,7999
vivo Y16,Steller Black,64,4,5000,13MP,5MP,0,16.54,Mediatek Helio P35,11999
vivo Y16,Drizzling Gold,64,3,5000,13MP,5MP,0,16.54,Mediatek Helio P35,10499
vivo Y16,Steller Black,128,4,5000,13MP,5MP,0,16.54,Mediatek Helio P35,12999
nothing phone 1,Black,128,8,4500,50MP,16MP,0,16.64,Qualcomm Snapdragon 778G+,29499
REDMI K50i 5G,Stealth Black,128,6,5080,64MP,16MP,0,16.76,Dimensity 8100,20998
Tecno Spark 9T,Turquoise Cyan,64,4,5000,50MP,8MP,0,16.76,MediaTek Helio G35,9290
REDMI K50i 5G,Quick Silver,256,8,5080,64MP,16MP,0,16.76,Dimensity 8100,23999
OPPO A78 5G,Glowing Black,128,8,5000,13MP,5MP,0,16.66,Android,19280
Tecno Spark 9T,Atlantic Blue,64,4,5000,50MP,8MP,0,16.76,MediaTek Helio G35,8649
Infinix Zero 5G 2023 TURBO,Coral Orange,256,8,5000,50MP,16MP,0,17.22,Mediatek Dimensity 1080,17999
vivo Y16,Steller Black,64,3,5000,13MP,5MP,0,16.54,Mediatek Helio P35,10999
POCO X4 Pro 5G,Laser Black,128,8,5000,64MP,16MP,0,16.94,Qualcomm Snapdragon 695 5G,19499
realme Narzo 50i,Carbon Black,64,4,5000,8MP,5MP,0,16.51,SC9863A,9349
POCO X4 Pro 5G,Laser Black,128,8,5000,64MP,16MP,0,16.94,Qualcomm Snapdragon 695 5G,19499
Tecno Spark Go 2023,Endless Black,64,4,5000,13MP,5MP,0,16.66,"2GHz, Quad Core ",8288
REDMI 10 Prime 2022,Astral White,64,4,6000,50MP,13MP,0,16.51,Helio G88,12272
Tecno Spark Go 2023,Endless Black,32,3,5000,13MP,5MP,0,16.66,"2GHz, Quad Core ",6794
SAMSUNG Galaxy A23 5G,Light Blue,128,6,5000,50MP,8MP,0,16.76,Qualcomm Snapdragon 695 (SM6375),21999
SAMSUNG Galaxy A14 5G,Dark Red,128,6,5000,50MP,13MP,0,16.76,SEC S5E8535 (Exynos 1330),18999
REDMI Note 12 Pro+ 5G,Obsidian Black,256,4,4980,200MP,16MP,0,16.94,Mediatek Dimensity 1080,32999
realme C35,Glowing Black,64,4,5000,50MP,8MP,0,16.76,Unisoc Tiger T616,9699
realme C35,Glowing Black,128,4,5000,50MP,8MP,0,16.76,Unisoc Tiger T616,10699
MOTOROLA g22,Cosmic Black,64,4,5000,50MP,16MP,0,16.51,Mediatek Helio G37,10999
itel A60,VertMenthe,32,2,5000,8MP,5MP,0,16.76,Unisoc,5999
vivo Y16,Drizzling Gold,64,4,5000,13MP,5MP,0,16.54,Mediatek Helio P35,11999
vivo V23 5G,Stardust Black,256,4,4200,64MP,50MP,0,16.36,Mediatek Dimensity 920,27540
OnePlus Nord 2T 5G,Gray Shadow,128,8,4500,50MP,32MP,0,17.02,Oxygen OS,27877
SAMSUNG Galaxy A23 5G,Orange,128,6,5000,50MP,8MP,0,16.76,Qualcomm Snapdragon 695 (SM6375),21999
itel A60,SapphireBlack,32,2,5000,8MP,5MP,0,16.76,Unisoc,5990
itel A60,DawnBlue,32,2,5000,8MP,5MP,0,16.76,Unisoc,5999
REDMI K50i 5G,Phantom Blue,128,6,5080,64MP,16MP,0,16.76,Dimensity 8100,21499
POCO M4 Pro 5G,Cool Blue,128,8,5000,50MP,16MP,0,16.76,Mediatek Dimensity 810,15999
MOTOROLA G42,Metallic Rose,64,4,5000,50MP,16MP,0,16.43,Qualcomm Snapdragon 680,11980
Infinix Smart 6,Starry Purple,64,2,5000,8MP,5MP,0,16.76,Mediatek Helio A22,6999
Infinix Smart 6,Heart Of Ocean,64,2,5000,8MP,5MP,0,16.76,Mediatek Helio A22,6999
Infinix Smart 6,Light Sea Green,64,2,5000,8MP,5MP,0,16.76,Mediatek Helio A22,6999
Infinix Smart 6,Polar Black,64,2,5000,8MP,5MP,0,16.76,Mediatek Helio A22,6999
realme 10 Pro+ 5G,Nebula Blue,128,8,5000,108MP,16MP,0,17.02,Mediatek Dimensity 1080 5G,23999
realme 9i,Prism Blue,64,4,5000,50MP,16MP,0,16.76,Qualcomm Snapdragon 680 (SM6225),11999
realme 9i,Prism Black,128,4,5000,50MP,16MP,0,16.76,Qualcomm Snapdragon 680 (SM6225),13499
SAMSUNG Galaxy A14 5G,Light Green,64,4,5000,50MP,13MP,0,16.76,SEC S5E8535 (Exynos 1330),16499
SAMSUNG Galaxy A34 5G,Awesome Graphite,256,8,5000,48MP,13MP,0,16.76,"Dimensity 1080, Octa Core ",32999
realme Narzo N55,Prime Blue,64,4,5000,64MP,8MP,0,17.07,Mediatek Helio G88,11349
SAMSUNG Galaxy A34 5G,Awesome Silver,128,8,5000,48MP,13MP,0,16.76,"Dimensity 1080, Octa Core ",30999
OPPO A17k,Navy Blue,64,3,5000,8MP,5MP,0,16.66,Mediatek Helio P35,9499
OPPO A17K,Navy Blue,64,3,5000,8MP,5MP,0,16.66,Mediatek Helio G35,9790
OPPO A17k,Gold,64,3,5000,8MP,5MP,0,16.66,Mediatek Helio P35,9499
OnePlus Nord 2T 5G,Jade Fog,128,8,4500,50MP,32MP,0,17.02,Oxygen OS,28298
realme 10 Pro+ 5G,Dark Matter,128,8,5000,108MP,16MP,0,17.02,Mediatek Dimensity 1080 5G,23999
realme 10 Pro+ 5G,Hyperspace,128,8,5000,108MP,16MP,0,17.02,Mediatek Dimensity 1080 5G,23999
realme 10 Pro+ 5G,Nebula Blue,128,6,5000,108MP,16MP,0,17.02,Mediatek Dimensity 1080 5G,22999
realme 10 Pro+ 5G,Hyperspace,128,6,5000,108MP,16MP,0,17.02,Mediatek Dimensity 1080 5G,22999
realme 10 Pro+ 5G,Dark Matter,128,6,5000,108MP,16MP,0,17.02,Mediatek Dimensity 1080 5G,22999
POCO M4 Pro,Power Black,128,8,5000,64MP,16MP,0,16.33,Mediatek Helio G96,13999
Tecno Pop 5 Pro,Ice Blue,32,3,6000,8MP,5MP,0,16.56,Helio A22,7049
Tecno Pop 5 Pro,Deepsea Luster,32,3,6000,8MP,5MP,0,16.56,Helio A22,6960
SAMSUNG Galaxy M04,Dark Blue,128,4,5000,13MP,5MP,0,16.51,MediaTek Helio P35,9104
vivo V27 5G,Magic Blue,256,4,4600,50MP,50MP,0,17.22,Mediatek Dimensity 7200 5G,36999
REDMI 9 Activ,Carbon Black,128,6,5000,13MP,5MP,0,16.59,Mediatek Helio G35,9499
OPPO A77s,Sunset Orange,128,8,5000,50MP,8MP,0,16.66,Qualcomm Snapdragon 680,16499
realme C30s,Stripe Blue,32,2,5000,8MP,5MP,0,16.51,Unisoc SC9863A/ Unisoc SC9863A1,6999
MOTOROLA Edge 30 Ultra,Interstellar Black,256,4,4610,200MP,60MP,0,16.94,Qualcomm Snapdragon 8+ Gen 1,49999
SAMSUNG Galaxy A23 5G,Silver,128,6,5000,50MP,8MP,0,16.76,Qualcomm Snapdragon 695 (SM6375),21999
SAMSUNG Galaxy A14 5G,Dark Red,128,8,5000,50MP,13MP,0,16.76,SEC S5E8535 (Exynos 1330),20999
SAMSUNG Galaxy A34 5G,Awesome Graphite,128,8,5000,48MP,13MP,0,16.76,"Dimensity 1080, Octa Core ",30999
IQOO Neo 7 5G,Frost Blue,128,8,5000,64MP,16MP,0,17.22,Snapdragon 8 Gen 1,30385
vivo Y56 5G,Black Engine,128,8,5000,50MP,16MP,0,16.71,Mediatek Dimensity 700,19999
Infinix Note 12 5G,Snowfall,64,6,5000,50MP,16MP,1,17.02,Mediatek Dimensity 810 5G,14999
Infinix HOT 12 Play,Racing Black,64,4,6000,13MP,8MP,0,17.32,Unisoc T610,8999
POCO F5 5G,Electric Blue,256,4,5000,64MP,16MP,0,16.94,Qualcomm Snapdragon 7+ Gen 2 (4nm),32999
vivo Y75,Dancing waves,128,8,4050,50MP,44MP,0,16.36,Mediatek G96,19990
realme C30s,Stripe Black,32,2,5000,8MP,5MP,0,16.51,Unisoc SC9863A/ Unisoc SC9863A1,6999
POCO X4 Pro 5G,Laser Blue,128,8,5000,64MP,16MP,0,16.94,Qualcomm Snapdragon 695 5G,19499
realme Narzo 50A Prime,Flash Blue,128,4,5000,50MP,8MP,0,16.76,Unisoc T612,12900
SAMSUNG Galaxy A14 5G,Black,64,4,5000,50MP,13MP,0,16.76,SEC S5E8535 (Exynos 1330),16499
Tecno Spark 9,Sky Mirror,64,3,5000,13MP,8MP,0,16.76,MediaTek Helio G37,8990
realme NARZO 50A PRIME,FLASH BLUE,64,4,5000,50MP,8MP,0,16.76,Unisoc T612,10943
Google Pixel 7,Snow,128,8,4270,50MP,8MP,0,16,Google Tensor G2,55999
Google Pixel 7,Obsidian,128,8,4270,50MP,8MP,0,16,Google Tensor G2,55999
POCO F1,Steel Blue,64,6,4000,12MP,20MP,0,15.7,Qualcomm Snapdragon 845,13489
MOTOROLA Edge 30 Fusion,Solar Gold,128,8,4400,50MP,32MP,0,16.64,Qualcomm Snapdragon 888 +,34999
POCO F5 5G,Carbon Black,256,8,5000,64MP,16MP,0,16.94,Qualcomm Snapdragon 7+ Gen 2 (4nm),32999
vivo Y12G,Phantom Black,64,3,5000,13MP,8MP,0,16.54,Qualcomm Snapdragon 439,11209
REDMI Note 12 Pro 5G,Onyx Black,256,8,5000,50MP,16MP,0,16.94,Mediatek Dimensity 1080,26999
realme C30s,Stripe Black,64,4,5000,8MP,5MP,0,16.51,Unisoc SC9863A/ Unisoc SC9863A1,8499
realme C30s,Stripe Black,64,4,5000,8MP,5MP,0,16.51,Unisoc SC9863A/ Unisoc SC9863A1,8499
SAMSUNG Galaxy A14 5G,Black,128,8,5000,50MP,13MP,0,16.76,SEC S5E8535 (Exynos 1330),20999
Google Pixel 7,Lemongrass,128,8,4270,50MP,8MP,0,16,Google Tensor G2,55999
SAMSUNG Galaxy A23,Black,128,6,5000,50MP,8MP,0,16.76,Octa-core(EXYNOS),17499
vivo Y56 5G,Orange Shimmer,128,8,5000,50MP,16MP,0,16.71,Mediatek Dimensity 700,19999
vivo Y56 5G,Black Engine,128,4,5000,50MP,16MP,0,16.71,Mediatek Dimensity 700,17999
realme Narzo 50A,Oxygen Blue,64,4,6000,50MP,8MP,0,16.51,MediaTek Helio G85,11499
vivo Y75,Moonlight Shadow,128,8,4050,50MP,44MP,0,16.36,Mediatek G96,16988
vivo Y16,Stellar Black,128,4,5000,13MP,5MP,0,16.54,Mediatek Helio P35,12989
MOTOROLA g52,Metallic White,128,6,5000,50MP,16MP,0,16.76,Qualcomm Snapdragon 680,13999
vivo Y100 5G,Pacific Blue,128,8,4500,64MP,16MP,0,16.21,Mediatek Dimensity 900,23999
Redmi 9A Sport,Coral Green,32,2,5000,13MP,5MP,0,16.59,Helio G25,7190
Redmi 9A Sport,Coral Green,32,3,5000,13MP,5MP,0,16.59,Helio G25,7990
vivo Y100 5G,Pacific Blue,128,8,4500,64MP,16MP,0,16.21,Mediatek Dimensity 900,23999
SAMSUNG Galaxy A14 5G,Light Green,128,8,5000,50MP,13MP,0,16.76,SEC S5E8535 (Exynos 1330),20999
REDMI Note 11,Horizon Blue,64,4,5000,50MP,13MP,0,16.33,Snapdragon 680,12990
vivo V25 5G,Elegant Black,128,8,4500,64MP,50MP,0,16.36,Mediatek Dimensity 900,27999
SAMSUNG Galaxy A34 5G,Awesome Violet,256,8,5000,48MP,13MP,0,16.76,"Dimensity 1080, Octa Core ",32999
Infinix Note 12 5G,Force Black,64,6,5000,50MP,16MP,1,17.02,Mediatek Dimensity 810 5G,14999
MOTOROLA g42,Metallic Rose,64,4,5000,50MP,16MP,0,16.43,Qualcomm Snapdragon 680,13999
SAMSUNG Galaxy A34 5G,Awesome Violet,128,8,5000,48MP,13MP,0,16.76,"Dimensity 1080, Octa Core ",30999
SAMSUNG Galaxy S21 FE 5G,Olive Green,128,8,4500,12MP,32MP,0,16.26,snapdragon 888,32999
REDMI Note 11T 5G,Stardust White,128,8,5000,50MP,16MP,0,16.76,Mediatek Dimensity 810,19397
vivo V25 5G,Surfing Blue,128,8,4500,64MP,50MP,0,16.36,Mediatek Dimensity 900,27999
vivo Y16,Steller Black,32,3,5000,13MP,5MP,0,16.54,Mediatek Helio P35,10989
vivo Y16,Drizzling Gold,32,3,5000,13MP,5MP,0,16.54,Mediatek Helio P35,10989
realme X3 SuperZoom,Glacier Blue,256,3,4200,64MP,16MP,0,16.69,Qualcomm Snapdragon 855,17999
OPPO F21 Pro,Sunset Orange,128,8,4500,64MP,32MP,0,16.33,Qualcomm Snapdragon 680,20999
REDMI Note 11S,Space Black,128,6,5000,108MP,16MP,0,16.33,Mediatek Dimensity 810,16990
Infinix HOT 12 Play,Horizon Blue,64,4,6000,13MP,8MP,0,17.32,Unisoc T610,8999
vivo V23 5G,Stardust Black,128,8,4200,64MP,16MP,0,16.36,Mediatek Dimensity 920,29990
OnePlus 8,Interstellar Glow,256,8,4300,48MP,32MP,0,16.64,Qualcomm Snapdragon 865,38920
vivo Y1s,Aurora Blue,32,3,4030,13MP,5MP,0,15.8,MediaTek Helio P35,9387
OnePlus 8,Glacial Green,128,6,4300,48MP,16MP,0,16.64,Qualcomm Snapdragon 865,29790
OnePlus Nord,Blue Marble,128,8,4115,48MP,13MP,0,16.36,QualcommÂ® Snapdragonâ_x0084_¢ 765G,24999
OPPO A77s,Starry Black,128,8,5000,50MP,8MP,0,16.66,Qualcomm Snapdragon 680,16499
Nokia C01 Plus,Grey,16,2,3000,5MP,2MP,0,13.84,Unisoc SC9863A,5799
POCO M4 Pro,Power Black,128,6,5000,64MP,16MP,0,16.33,Mediatek Helio G96,16499
REDMI 10A SPORT,SLATE GREY,128,6,5000,13MP,5MP,0,16.59,Helio G25,10890
REDMI 10A SPORT,CHARCOAL BLACK,128,6,5000,13MP,5MP,0,16.59,Helio G25,10548
realme GT 2,Steel Black,256,2,5000,50MP,16MP,0,16.81,Qualcomm Snapdragon 888,32299
SAMSUNG Galaxy A54 5G,Awesome Graphite,256,8,5000,50MP,32MP,0,16.26,"Exynos 1380, Octa Core ",40999
Nokia C01 Plus,Blue,32,2,3000,5MP,2MP,0,13.84,Unisoc SC9863A,6299
vivo Y33s,Mirror Black,128,8,5000,50MP,16MP,0,16.71,MediaTek Helio G80,16990
vivo Y56 5G,Orange Shimmer,128,4,5000,50MP,16MP,0,16.71,Mediatek Dimensity 700,17999
realme Narzo N55,Prime Black,64,4,5000,64MP,8MP,0,17.07,MediaTek Helio G88,11490
realme Narzo 50A Prime,Flash Black,128,4,5000,50MP,8MP,0,16.76,MediaTek Helio G88,12599
REDMI Note 10S,Frost White,128,6,5000,64MP,13MP,0,16.33,Mediatek Helio G95,16499
realme X3 SuperZoom,Arctic White,256,6,4200,64MP,32MP,0,16.69,Qualcomm Snapdragon 855+,17999
vivo V23 5G,Sunshine Gold,128,8,4200,64MP,16MP,0,16.36,Mediatek Dimensity 920,31989
APPLE iPhone 11,Black,64,8,3110,12MP,12MP,0,15.49,ios,41199
vivo T1 Pro 5G,Turbo Black,128,8,4700,64MP,16MP,0,16.36,Qualcomm Snapdragon 778G 5G Mobile Platform,24999
vivo T1 Pro 5G,Turbo Cyan,128,6,4700,64MP,16MP,0,16.36,Qualcomm Snapdragon 778G 5G Mobile Platform,23999
Infinix Smart 5A,Midnight Black,32,2,5000,8MP,8MP,0,16.56,MediaTek Helio A20,7199
SAMSUNG Galaxy F23 5G,Copper Blush,128,4,5000,50MP,8MP,0,16.76,Qualcomm Snapdragon 750G,15999
POCO C31,Royal Blue,64,4,5000,13MP,5MP,0,16.59,MediaTek G35,8999
POCO C31,Royal Blue,64,4,5000,13MP,5MP,0,16.59,MediaTek G35,8999
MOTOROLA e22s,Eco Black,64,4,5000,16MP,8MP,0,16.51,Mediatek Helio G37,8940
vivo T1 Pro 5G,Turbo Cyan,128,8,4700,64MP,16MP,0,16.36,Qualcomm Snapdragon 778G,24999
Tecno Spark Go 2023,Uyuni Blue,64,4,5000,13MP,5MP,0,16.66,MediaTek Helio A22,8288
POCO C31,Royal Blue,32,3,5000,13MP,5MP,0,16.59,MediaTek Helio G35,8499
Infinix Hot 12 Pro,Halo White,64,6,5000,50MP,8MP,0,16.76,Unisoc T616,9999
SAMSUNG Galaxy A23,Peach,128,6,5000,50MP,8MP,0,16.76,Octa-core(EXYNOS),17499
REDMI 9i,Midnight Black,64,4,5000,13MP,5MP,0,16.59,MediaTek Helio G25,8999
REDMI Note 9,Scarlet Red,128,6,5020,48MP,13MP,0,16.59,MediaTek Helio G85,14999
MOTOROLA Edge 30 Ultra,Starlight White,256,6,4610,200MP,60MP,0,16.94,Qualcomm Snapdragon 8+ Gen 1,49999
vivo Y565G,Orange Shimmer,128,8,5000,50MP,16MP,0,16.71,MTK Dimensity 700,19979
SAMSUNG M53 5G,Deep Ocean Blue,128,6,5000,108MP,32MP,0,17.02,Mediatek Dimensity 900,23390
REDMI Note 10 Lite,Glacier White,128,6,5020,48MP,16MP,0,16.94,Qualcomm Snapdragon 720G,14385
APPLE iPhone 14 Plus,Midnight,128,6,4323,12MP,12MP,0,17.02,IOS,80999
vivo V25 Pro 5G,Pure Black,256,6,4830,64MP,32MP,0,16.66,Mediatek Dimensity 1300,30874
Infinix Hot 12 Pro,Lightsaber Green,128,8,5000,108MP,8MP,0,16.76,Unisoc T616,12999
vivo V25 Pro 5G,Sailing Blue,128,8,4830,64MP,32MP,0,16.66,Mediatek Dimensity 1300,35999
Infinix Hot 11,Emerald Green,64,4,5200,13MP,8MP,0,16.76,MediaTek Helio G70,9999
Infinix Hot 11,Silver Wave,64,4,5200,13MP,8MP,0,16.76,MediaTek Helio G70,9999
Infinix Note 12 Pro,Tuscany Blue,256,8,5000,108MP,16MP,1,17.02,Mediatek Helio G99,16999
Infinix Note 12 Pro,Volcanic Grey,256,8,5000,108MP,16MP,1,17.02,Mediatek Helio G99,16999
vivo T1 Pro 5G,Turbo Black,128,6,4700,64MP,16MP,0,16.36,Qualcomm Snapdragon 778G 5G Mobile Platform,23999
Tecno Pova 3,Eco Black,128,6,7000,50MP,8MP,0,17.53,MediaTek Helio G88,13999
REDMI 12c,Royal Blue,128,6,5000,50MP,5MP,0,17.04,MediaTek Helio G85,10799
LAVA Z2,Flame Red,32,3,5000,13MP,8MP,0,16.55,MediaTek Helio G35,7999
Infinix Hot 12 Pro,Lightsaber Green,64,6,5000,50MP,8MP,0,16.76,Unisoc T616,9999
Infinix Hot 12 Pro,Racing Black,64,6,5000,50MP,8MP,0,16.76,Unisoc T616,9999
Infinix Hot 12 Pro,Electric Blue,64,6,5000,50MP,8MP,0,16.76,Unisoc T616,9999
realme Narzo 50A,Oxygen Green,128,4,6000,50MP,8MP,0,16.51,MediaTek Helio G85,11762
REDMI Note 11T 5G,Aquamarine Blue,128,6,5000,50MP,16MP,0,16.76,Mediatek Dimensity 810,18990
REDMI Note 11T 5G,Matte black,128,8,5000,50MP,16MP,0,16.76,Mediatek Dimensity 810,18999
Infinix Note 11s Free Fire Edition,Mithril Grey,128,8,5000,50MP,16MP,0,17.65,MediaTek Helio G96,15999
vivo V25 5G,Elegant Black,256,8,4500,64MP,50MP,0,16.36,Mediatek Dimensity 900,29418
vivo V25 Pro 5G,Sailing Blue,256,8,4830,64MP,32MP,0,16.66,Mediatek Dimensity 1300,33367
MOTOROLA g31,Meteorite Grey,64,4,5000,50MP,13MP,0,16.26,Mediatek Helio G85,11999
SAMSUNG Galaxy A54 5G,Awesome Violet,256,8,5000,50MP,32MP,0,16.26,"Exynos 1380, Octa Core ",40999
realme C11 2021,Cool Grey,32,2,5000,8MP,5MP,0,16.51,Octa-core,7499
vivo Y21T,Pearl White,128,4,5000,50MP,8MP,0,16.71,Qualcomm Snapdragon 680,15499
REDMI K50i 5G,Phantom Blue,256,8,5080,64MP,16MP,0,16.76,Dimensity 8100,29990
Tecno Spark Go 2023,Nebula Purple,32,3,5000,13MP,5MP,0,16.66,MediaTek Helio A22,7280
APPLE iPhone 14 Plus,Purple,128,3,4323,12MP,12MP,0,17.02,6 Core,80999
Tecno Spark Go 2023,UYUNI BLUE,64,4,5000,13MP,5MP,0,16.66,Mediatek Helio A22,8999
IQOO Neo 7 5G,Frost Blue,256,4,5000,64MP,16MP,0,17.22,Dimensity 8200,34688
realme 9 5G,Meteor Black,64,4,5000,48MP,16MP,0,16.51,Mediatek Dimensity 810,13499
realme 9 5G,Supersonic Black,64,4,5000,48MP,16MP,0,16.51,Mediatek Dimensity 810,13499
APPLE iPhone 14 Plus,Starlight,128,4,4323,12MP,12MP,0,17.02,ios,80999
vivo Y100 5G,Metal Black,128,8,4500,64MP,16MP,0,16.21,Mediatek Dimensity 900,23999
vivo Y100 5G,Twilight Gold,128,8,4500,64MP,16MP,0,16.21,Mediatek Dimensity 900,23999
SAMSUNG Galaxy A23,Blue,128,6,5000,50MP,8MP,0,16.76,Octa-core(EXYNOS),17499
realme Narzo 50i Prime,Mint Green,64,4,5000,8MP,5MP,0,16.51,Unisoc T612 processor,8460
SAMSUNG Galaxy A04,Copper,128,4,5000,50MP,5MP,0,16.51,Mediatek Helio P35,12999
OPPO F21s Pro,Starlight Black,128,8,4500,64MP,16MP,0,16.33,Qualcomm SM6225 Snapdragon 680 4G (6 nm),20890
APPLE iPhone 12,Blue,64,8,2815,12MP,12MP,0,15.49,ios,53999
SAMSUNG Galaxy A13,Peach,128,6,5000,50MP,8MP,0,16.76,Exynos Octa Core,16499
Nokia G11 Plus,Grey,64,4,5000,50MP,8MP,0,16.55,Octa Core,9790
SAMSUNG Galaxy A04e,Light Blue,64,3,5000,13MP,5MP,0,16.51,Mediatek Helio P35,9999
SAMSUNG Galaxy S23 5G,Cream,256,8,3900,50MP,12MP,0,15.49,Qualcomm Snapdragon 8 Gen 2,79999
LAVA Z21,Cyan,32,2,3100,5MP,2MP,0,12.7,Octa Core,5998
Tecno Spark 8T,Turquoise Cyan,64,4,5000,50MP,8MP,0,16.76,MediaTek Helio G35,9990
SAMSUNG Galaxy A54 5G,Awesome Lime,128,8,5000,50MP,32MP,0,16.26,"Exynos 1380, Octa Core ",38999
OPPO A77,Sky Blue,128,4,5000,50MP,8MP,0,16.66,Mediatek Helio G35,15999
